Song_name,genre,song_year,song_volume,singer_name
wooly bully,pop,1965,1000,sam the sham and the pharaohs
i cant help myself sugar pie honey bunch,jazz,1965,3000,four tops
i cant get no satisfaction,blues,1965,2000,the rolling stones
you were on my mind,rock,1965,5000,we five
youve lost that lovin feelin,classic,1965,3250,the righteous brothers
downtown,pop,1965,4000,petula clark
help,jazz,1965,1000,the beatles
cant you hear my heart beat,blues,1965,3000,hermans hermits
crying in the chapel,rock,1965,2000,elvis presley
my girl,classic,1965,5000,the temptations
help me rhonda,pop,1965,3250,the beach boys
king of the road,jazz,1965,4000,roger miller
the birds and the bees,blues,1965,1000,jewel akens
hold me thrill me kiss me,rock,1965,3000,mel carter
shotgun,classic,1965,2000,junior walker  the all stars
i got you babe,pop,1965,5000,sonny  cher
this diamond ring,jazz,1965,3250,gary lewis  the playboys
the in crowd,blues,1965,4000,ramsey lewis trio
mrs brown youve got a lovely daughter,rock,1965,1000,hermans hermits
stop in the name of love,classic,1965,3000,the supremes
unchained melody,pop,1965,2000,the righteous brothers
silhouettes,jazz,1965,5000,hermans hermits
ill never find another you,blues,1965,3250,the seekers
cara mia,rock,1965,4000,jay and the americans
mr tambourine man,classic,1965,1000,the byrds
cast your fate to the wind,pop,1965,3000,sounds orchestral
yes im ready,jazz,1965,2000,barbara mason
whats new pussycat,blues,1965,5000,tom jones
eve of destruction,rock,1965,3250,barry mcguire
hang on sloopy,classic,1965,4000,the mccoys
ticket to ride,pop,1965,1000,the beatles
red roses for a blue lady,jazz,1965,3000,bert kaempfert
papas got a brand new bag,blues,1965,2000,james brown
game of love,rock,1965,5000,wayne fontana  the mindbenders
the name game,classic,1965,3250,shirley ellis
i know a place,pop,1965,4000,petula clark
back in my arms again,jazz,1965,1000,the supremes
baby im yours,blues,1965,3000,barbara lewis
the jolly green giant,rock,1965,2000,the kingsmen
hush hush sweet charlotte,classic,1965,5000,patti page
like a rolling stone,pop,1965,3250,bob dylan
im telling you now,jazz,1965,4000,freddie and the dreamers
ferry cross the mersey,blues,1965,1000,gerry and the pacemakers
just once in my life,rock,1965,3000,the righteous brothers
the seventh son,classic,1965,2000,johnny rivers
im henery the eighth i am,pop,1965,5000,hermans hermits
a walk in the black forest,jazz,1965,3250,horst jankowski
for your love,blues,1965,4000,the yardbirds
california girls,rock,1965,1000,the beach boys
go now,classic,1965,3000,the moody blues
goldfinger,pop,1965,2000,shirley bassey
down in the boondocks,jazz,1965,5000,billy joe royal
baby the rain must fall,blues,1965,3250,glenn yarbrough
catch us if you can,rock,1965,4000,the dave clark five
eight days a week,classic,1965,1000,the beatles
just a little,pop,1965,3000,the beau brummels
you turn me on,jazz,1965,2000,ian whitcomb
ill be doggone,blues,1965,5000,marvin gaye
save your heart for me,rock,1965,3250,gary lewis  the playboys
tired of waiting for you,classic,1965,4000,the kinks
count me in,pop,1965,1000,gary lewis  the playboys
all day and all of the night,jazz,1965,3000,the kinks
what the world needs now is love,blues,1965,2000,jackie deshannon
its not unusual,rock,1965,5000,tom jones
shes about a mover,classic,1965,3250,sir douglas quintet
shake,pop,1965,4000,sam cooke
wonderful world,jazz,1965,1000,hermans hermits
nowhere to run,blues,1965,3000,martha and the vandellas
heart full of soul,rock,1965,2000,the yardbirds
love potion no 9,classic,1965,5000,the searchers
laurie strange things happen,pop,1965,3250,dickey lee
baby dont go,jazz,1965,4000,sonny  cher
it aint me babe,blues,1965,1000,the turtles
tell her no,rock,1965,3000,the zombies
i go to pieces,classic,1965,2000,peter and gordon
dont just stand there,pop,1965,5000,vic dana
the tracks of my tears,jazz,1965,3250,patty duke
too many rivers,blues,1965,4000,the miracles
i like it like that,rock,1965,1000,brenda lee
little things,classic,1965,3000,the dave clark five
true love ways,pop,1965,2000,bobby goldsboro
its the same old song,jazz,1965,5000,peter and gordon
youve got your troubles,blues,1965,3250,four tops
hold what youve got,rock,1965,4000,the fortunes
we gotta get out of this place,classic,1965,1000,joe tex
laugh laugh,pop,1965,3000,the animals
the last time,jazz,1965,2000,the beau brummels
do you believe in magic,blues,1965,5000,the rolling stones
all i really want to do,rock,1965,3250,the lovin spoonful
take me back,classic,1965,4000,cher
i want candy,pop,1965,1000,little anthony and the imperials
ooo baby baby,jazz,1965,3000,the strangeloves
laugh at me,blues,1965,2000,the miracles
treat her right,rock,1965,5000,sonny bono
the race is on,classic,1965,3250,roy head
im a fool,pop,1965,4000,jack jones
the boy from new york city,jazz,1965,1000,dino desi  billy
keep searchin well follow the sun,blues,1965,3000,the ad libs
how sweet it is to be loved by you,rock,1965,2000,del shannon
ballad of the green berets,classic,1965,5000,marvin gaye
cherish,pop,1966,3250,ssgt barry sadler
youre my soul and inspiration,jazz,1966,4000,the association
reach out ill be there,blues,1966,1000,the righteous brothers
96 tears,rock,1966,3000,the four tops
last train to clarksville,classic,1966,2000,  the mysterians
monday monday,pop,1966,5000,the monkees
you cant hurry love,jazz,1966,3250,the mamas  the papas
poor side of town,blues,1966,4000,the supremes
california dreamin,rock,1966,1000,johnny rivers
summer in the city,classic,1966,3000,the mamas  the papas
born free,pop,1966,2000,lovin spoonful
these boots are made for walkin,jazz,1966,5000,roger williams
what becomes of the brokenhearted,blues,1966,3250,nancy sinatra
strangers in the night,rock,1966,4000,jimmy ruffin
we can work it out,classic,1966,1000,frank sinatra
good lovin,pop,1966,3000,the beatles
winchester cathedral,jazz,1966,2000,the young rascals
hanky panky,blues,1966,5000,new vaudeville band
when a man loves a woman,rock,1966,3250,tommy james and the shondells
paint it black,classic,1966,4000,percy sledge
my love,pop,1966,1000,the rolling stones
lightnin strikes,jazz,1966,3000,petula clark
wild thing,blues,1966,2000,lou christie
kicks,rock,1966,5000,the troggs
sunshine superman,classic,1966,3250,paul revere  the raiders
sunny,pop,1966,4000,donovan
paperback writer,jazz,1966,1000,bobby hebb
see you in september,blues,1966,3000,the beatles
you keep me hangin on,rock,1966,2000,the happenings
lil red riding hood,classic,1966,5000,the supremes
devil with a blue dress ongood golly miss molly,pop,1966,3250,sam the sham and the pharaohs
good vibrations,jazz,1966,4000,mitch ryder  the detroit wheels
a groovy kind of love,blues,1966,1000,the beach boys
you dont have to say you love me,rock,1966,3000,the mindbenders
cool jerk,classic,1966,2000,dusty springfield
born a woman,pop,1966,5000,the capitols
red rubber ball,jazz,1966,3250,sandy posey
baby,blues,1966,4000,the cyrkle
walk away renee,rock,1966,1000,carla thomas
daydream,classic,1966,3000,the left banke
time wont let me,pop,1966,2000,the lovin spoonful
hooray for hazel,jazz,1966,5000,the outsiders
sweet pea,blues,1966,3250,tommy roe
bus stop,rock,1966,4000,tommy roe
im your puppet,classic,1966,1000,the hollies
im so lonesome i could cry,pop,1966,3000,james  bobby purify
aint too proud to beg,jazz,1966,2000,bj thomas
dirty water,blues,1966,5000,the temptations
elusive butterfly,rock,1966,3250,the standells
i am a rock,classic,1966,4000,bob lind
crying time,pop,1966,1000,simon  garfunkel
secret agent man,jazz,1966,3000,ray charles
the sound of silence,blues,1966,2000,johnny rivers
lady godiva,rock,1966,5000,simon  garfunkel
homeward bound,classic,1966,3250,peter and gordon
did you ever have to make up your mind,pop,1966,4000,simon  garfunkel
barefootin,jazz,1966,1000,the lovin spoonful
uptight everythings alright,blues,1966,3000,robert parker
bang bang my baby shot me down,rock,1966,2000,stevie wonder
sloop john b,classic,1966,5000,cher
19th nervous breakdown,pop,1966,3250,the beach boys
wipe out,jazz,1966,4000,the rolling stones
psychotic reaction,blues,1966,1000,the surfaris
beauty is only skin deep,rock,1966,3000,count five
no matter what shape your stomachs in,classic,1966,2000,the temptations
just like me,pop,1966,5000,the tbones
love makes the world go round,jazz,1966,3250,paul revere  the raiders
the pied piper,blues,1966,4000,deon jackson
coming on strong,rock,1966,1000,crispian st peters
somewhere my love,classic,1966,3000,brenda lee
almost persuaded,pop,1966,2000,ray conniff singers
if i were a carpenter,jazz,1966,5000,david houston
dont mess with bill,blues,1966,3250,bobby darin
cherry cherry,rock,1966,4000,the marvelettes
working in the coal mine,classic,1966,1000,neil diamond
message to michael,pop,1966,3000,lee dorsey
love is a hurtin thing,jazz,1966,2000,dionne warwick
barbara ann,blues,1966,5000,lou rawls
gloria,rock,1966,3250,the beach boys
my world is empty without you,classic,1966,4000,shadows of knight
rainy day women 12  35,pop,1966,1000,the supremes
guantanamera,jazz,1966,3000,bob dylan
land of 1000 dances,blues,1966,2000,the sandpipers
oh how happy,rock,1966,5000,wilson pickett
woman,classic,1966,3250,the shades of blue
you baby,pop,1966,4000,peter and gordon
five oclock world,jazz,1966,1000,the turtles
black is black,blues,1966,3000,the vogues
nowhere man,rock,1966,2000,los bravos
dandy,classic,1966,5000,the beatles
baby scratch my back,pop,1966,3250,hermans hermits
shes just my style,jazz,1966,4000,slim harpo
the more i see you,blues,1966,1000,gary lewis  the playboys
i fought the law,rock,1966,3000,chris montez
yellow submarine,classic,1966,2000,bobby fuller four
hungry,pop,1966,5000,the beatles
zorba the greek,jazz,1966,3250,paul revere  the raiders
shapes of things,blues,1966,4000,herb alpert and the tijuana brass
6345789 soulsville usa,rock,1966,1000,the yardbirds
to sir with love,classic,1966,3000,wilson pickett
the letter,pop,1967,2000,lulu
ode to billie joe,jazz,1967,5000,the box tops
windy,blues,1967,3250,bobbie gentry
im a believer,rock,1967,4000,the association
light my fire,classic,1967,1000,the monkees
somethin stupid,pop,1967,3000,the doors
happy together,jazz,1967,2000,frank  nancy sinatra
groovin,blues,1967,5000,the turtles
cant take my eyes off you,rock,1967,3250,the young rascals
little bit o soul,classic,1967,4000,frankie valli
i think were alone now,pop,1967,1000,the music explosion
respect,jazz,1967,3000,tommy james and the shondells
i was made to love her,blues,1967,2000,aretha franklin
come back when you grow up,rock,1967,5000,stevie wonder
kind of a drag,classic,1967,3250,bobby vee
sweet soul music,pop,1967,4000,the buckinghams
expressway to your heart,jazz,1967,1000,arthur conley
soul man,blues,1967,3000,the soul survivors
never my love,rock,1967,2000,sam  dave
apples peaches pumpkin pie,classic,1967,5000,the association
come on down to my boat,pop,1967,3250,jay  the techniques
incense and peppermints,jazz,1967,4000,every mothers son
ruby tuesday,blues,1967,1000,strawberry alarm clock
it must be him,rock,1967,3000,the rolling stones
love is here and now youre gone,classic,1967,2000,vikki carr
for what its worth,pop,1967,5000,the supremes
gimme little sign,jazz,1967,3250,buffalo springfield
the happening,blues,1967,4000,brenton wood
all you need is love,rock,1967,1000,the supremes
release me,classic,1967,3000,the beatles
your precious love,pop,1967,2000,engelbert humperdinck
somebody to love,jazz,1967,5000,marvin gaye  tammi terrell
get on up,blues,1967,3250,jefferson airplane
brown eyed girl,rock,1967,4000,the esquires
jimmy mack,classic,1967,1000,van morrison
i got rhythm,pop,1967,3000,martha and the vandellas
a whiter shade of pale,jazz,1967,2000,the happenings
dont you care,blues,1967,5000,procol harum
then you can tell me goodbye,rock,1967,3250,the buckinghams
reflections,classic,1967,4000,the casinos
on a carousel,pop,1967,1000,the supremes
please love me forever,jazz,1967,3000,the hollies
alfie,blues,1967,2000,bobby vinton
silence is golden,rock,1967,5000,dionne warwick
my cup runneth over,classic,1967,3250,the tremeloes
up up and away,pop,1967,4000,ed ames
san francisco be sure to wear flowers in your hair,jazz,1967,1000,the 5th dimension
the rain the park  other things,blues,1967,3000,scott mckenzie
theres a kind of hush,rock,1967,2000,the cowsills
mercy mercy mercy,classic,1967,5000,hermans hermits
this is my song,pop,1967,3250,the buckinghams
your love keeps lifting me higher and higher,jazz,1967,4000,petula clark
ive been lonely too long,blues,1967,1000,jackie wilson
penny lane,rock,1967,3000,the young rascals
youre my everything,classic,1967,2000,the beatles
georgy girl,pop,1967,5000,the temptations
western union,jazz,1967,3250,the seekers
baby i love you,blues,1967,4000,five americans
a little bit me a little bit you,rock,1967,1000,aretha franklin
california nights,classic,1967,3000,the monkees
dedicated to the one i love,pop,1967,2000,lesley gore
how can i be sure,jazz,1967,5000,the mamas  the papas
carrie anne,blues,1967,3250,the young rascals
we aint got nothin yet,rock,1967,4000,the hollies
friday on my mind,classic,1967,1000,blues magoos
soul finger,pop,1967,3000,the easybeats
gimme some lovin,jazz,1967,2000,the barkays
let it out let it all hang out,blues,1967,5000,the spencer davis group
lets live for today,rock,1967,3250,the hombres
close your eyes,classic,1967,4000,the grass roots
funky broadway,pop,1967,1000,peaches  herb
pleasant valley sunday,jazz,1967,3000,booker t  the mgs
i never loved a man the way i love you,blues,1967,2000,wilson pickett
tell it like it is,rock,1967,5000,the monkees
cold sweat,classic,1967,3250,aretha franklin
shed rather be with me,pop,1967,4000,aaron neville
986,jazz,1967,1000,james brown
here we go again,blues,1967,3000,the turtles
white rabbit,rock,1967,2000,keith
bernadette,classic,1967,5000,ray charles
the beat goes on,pop,1967,3250,jefferson airplane
snoopy vs the red baron,jazz,1967,4000,four tops
societys child,blues,1967,1000,sonny  cher
girl youll be a woman soon,rock,1967,3000,the royal guardsmen
aint no mountain high enough,classic,1967,2000,janis ian
i take it back,pop,1967,5000,neil diamond
here comes my baby,jazz,1967,3250,marvin gaye  tammi terrell
everlasting love,blues,1967,4000,sandy posey
i dig rock and roll music,rock,1967,1000,the tremeloes
little ole man uptight everythings alright,classic,1967,3000,robert knight
i had too much to dream last night,pop,1967,2000,peter paul and mary
daydream believer,jazz,1967,5000,bill cosby
baby i need your lovin,blues,1967,3250,the electric prunes
mirage,rock,1967,4000,the monkees
green green grass of home,classic,1967,1000,johnny rivers
i can see for miles,pop,1967,3000,tommy james and the shondells
dont sleep in the subway,jazz,1967,2000,tom jones
thank the lord for the night time,blues,1967,5000,the who
hey jude,rock,1967,3250,petula clark
love is blue,classic,1967,4000,neil diamond
honey,pop,1968,1000,the beatles
sittin on the dock of the bay,jazz,1968,3000,paul mauriat
people got to be free,blues,1968,2000,bobby goldsboro
sunshine of your love,rock,1968,5000,otis redding
this guys in love with you,classic,1968,3250,the rascals
the good the bad and the ugly,pop,1968,4000,cream
mrs robinson,jazz,1968,1000,herb alpert
tighten up,blues,1968,3000,hugo montenegro
harper valley pta,rock,1968,2000,simon  garfunkel
little green apples,classic,1968,5000,archie bell  the drells
mony mony,pop,1968,3250,jeannie c riley
hello i love you,jazz,1968,4000,o c smith
young girl,blues,1968,1000,tommy james and the shondells
cry like a baby,rock,1968,3000,the doors
stoned soul picnic,classic,1968,2000,gary puckett  the union gap
grazing in the grass,pop,1968,5000,the box tops
midnight confessions,jazz,1968,3250,the 5th dimension
dance to the music,blues,1968,4000,hugh masekela
the horse,rock,1968,1000,the grass roots
i wish it would rain,classic,1968,3000,sly  the family stone
lala means i love you,pop,1968,2000,cliff nobles
turn around look at me,jazz,1968,5000,the temptations
judy in disguise with glasses,blues,1968,3250,the delfonics
spooky,rock,1968,4000,the vogues
love child,classic,1968,1000,john fred  his playboy band
angel of the morning,pop,1968,3000,classics iv
the ballad of bonnie and clyde,jazz,1968,2000,the supremes
those were the days,blues,1968,5000,merrilee rush
born to be wild,rock,1968,3250,georgie fame
cowboys to girls,classic,1968,4000,mary hopkin
simon says,pop,1968,1000,steppenwolf
lady willpower,jazz,1968,3000,the intruders
a beautiful morning,blues,1968,2000,1910 fruitgum company
the look of love,rock,1968,5000,gary puckett  the union gap
hold me tight,classic,1968,3250,the rascals
yummy yummy yummy,pop,1968,4000,sergio mendes
fire,jazz,1968,1000,johnny nash
love is all around,blues,1968,3000,ohio express
playboy,rock,1968,2000,the crazy world of arthur brown
theme from valley of the dolls,classic,1968,5000,the troggs
classical gas,pop,1968,3250,gene  debbe
slip away,jazz,1968,4000,dionne warwick
im a girl watcher,blues,1968,1000,mason williams
sweet sweet baby since youve been gone,rock,1968,3000,clarence carter
green tambourine,classic,1968,2000,the okaysions
1 2 3 red light,pop,1968,5000,aretha franklin
reach out of the darkness,jazz,1968,3250,the lemon pipers
jumpin jack flash,blues,1968,4000,1910 fruitgum company
macarthur park,rock,1968,1000,friend  lover
i love you,classic,1968,3000,the rolling stones
take time to know her,pop,1968,2000,richard harris
pictures of matchstick men,jazz,1968,5000,jose feliciano
summertime blues,blues,1968,3250,people
aint nothing like the real thing,rock,1968,4000,percy sledge
i got the feelin,classic,1968,1000,status quo
ive gotta get a message to you,pop,1968,3000,blue cheer
lady madonna,jazz,1968,2000,marvin gaye  tammi terrell
hurdy gurdy man,blues,1968,5000,james brown
magic carpet ride,rock,1968,3250,the bee gees
bottle of wine,classic,1968,4000,the beatles
stay in my corner,pop,1968,1000,donovan
soul serenade,jazz,1968,3000,steppenwolf
delilah,blues,1968,2000,the fireballs
nobody but me,rock,1968,5000,the dells
i thank you,classic,1968,3250,willie mitchell
the fool on the hill,pop,1968,4000,tom jones
sky pilot,jazz,1968,1000,the human beinz
indian lake,blues,1968,3000,sam and dave
i wonder what shes doing tonight,rock,1968,2000,sergio mendes
over you,classic,1968,5000,the animals
goin out of my headcant take my eyes off you,pop,1968,3250,the cowsills
shoobedoobedoodaday,jazz,1968,4000,tommy boyce  bobby hart
the unicorn,blues,1968,1000,gary puckett  the union gap
revolution,rock,1968,3000,the lettermen
woman woman,classic,1968,2000,stevie wonder
elenore,pop,1968,5000,the irish rovers
white room,jazz,1968,3250,vanilla fudge
youre all i need to get by,blues,1968,4000,the beatles
baby now that ive found you,rock,1968,1000,gary puckett  the union gap
sweet inspiration,classic,1968,3000,the turtles
if you can want,pop,1968,2000,cream
cab driver,jazz,1968,5000,marvin gaye  tammi terrell
time has come today,blues,1968,3250,the foundations
do you know the way to san jose,rock,1968,4000,sweet inspirations
scarborough faircanticle,classic,1968,1000,the miracles
say it loud  im black and im proud,pop,1968,3000,the mills brothers
the mighty quinn,jazz,1968,2000,the chambers brothers
here comes the judge,blues,1968,5000,dionne warwick
i say a little prayer,rock,1968,3250,simon  garfunkel
think,classic,1968,4000,james brown
sealed with a kiss,pop,1968,1000,manfred mann
piece of my heart,jazz,1968,3000,shorty long
suzie q,blues,1968,2000,aretha franklin
bend me shape me,rock,1968,5000,aretha franklin
hey western union man,classic,1968,3250,gary lewis and the playboys
never give you up,pop,1968,4000,big brother and the holding company
sugar sugar,jazz,1968,1000,creedence clearwater revival
aquariuslet the sunshine in,blues,1968,3000,the american breed
i cant get next to you,rock,1968,2000,jerry butler
honky tonk women,classic,1968,5000,jerry butler
everyday people,pop,1969,3250,the archies
dizzy,jazz,1969,4000,the 5th dimension
hot fun in the summertime,blues,1969,1000,the temptations
ill never fall in love again,rock,1969,3000,the rolling stones
build me up buttercup,classic,1969,2000,sly  the family stone
crimson and clover,pop,1969,5000,tommy roe
one,jazz,1969,3250,sly  the family stone
crystal blue persuasion,blues,1969,4000,tom jones
hair,rock,1969,1000,the foundations
too busy thinking about my baby,classic,1969,3000,tommy james and the shondells
love theme from romeo and juliet,pop,1969,2000,three dog night
get together,jazz,1969,5000,tommy james and the shondells
suspicious minds,blues,1969,3250,the cowsills
proud mary,rock,1969,4000,marvin gaye
what does it take to win your love,classic,1969,1000,henry mancini
its your thing,pop,1969,3000,the youngbloods
sweet caroline,jazz,1969,2000,the friends of distinction
jean,blues,1969,5000,elvis presley
bad moon rising,rock,1969,3250,creedence clearwater revival
get back,classic,1969,4000,jr walker  the all stars
in the year 2525,pop,1969,1000,the isley brothers
spinning wheel,jazz,1969,3000,neil diamond
going in circles,blues,1969,2000,oliver
hurt so bad,rock,1969,5000,creedence clearwater revival
green river,classic,1969,3250,the beatles with billy preston
my cherie amour,pop,1969,4000,zager  evans
easy to be hard,jazz,1969,1000,blood sweat  tears
baby its you,blues,1969,3000,andy kim
in the ghetto,rock,1969,2000,the friends of distinction
a boy named sue,classic,1969,5000,the lettermen
baby baby dont cry,pop,1969,3250,creedence clearwater revival
only the strong survive,jazz,1969,4000,stevie wonder
time of the season,blues,1969,1000,three dog night
wedding bell blues,rock,1969,3000,smith
little woman,classic,1969,2000,elvis presley
love can make you happy,pop,1969,5000,johnny cash
good morning starshine,jazz,1969,3250,the miracles
these eyes,blues,1969,4000,jerry butler
youve made me so very happy,rock,1969,1000,the zombies
put a little love in your heart,classic,1969,3000,the 5th dimension
do your thing,pop,1969,2000,bobby sherman
id wait a million years,jazz,1969,5000,mercy
touch me,blues,1969,3250,oliver
more today than yesterday,rock,1969,4000,the guess who
ive gotta be me,classic,1969,1000,blood sweat  tears
lay lady lay,pop,1969,3000,jackie deshannon
atlantis,jazz,1969,2000,the watts 103rd street rhythm band
traces,blues,1969,5000,the grass roots
its getting better,rock,1969,3250,the doors
this magic moment,classic,1969,4000,spiral starecase
runaway child running wild,pop,1969,1000,sammy davis jr
hawaii fiveo,jazz,1969,3000,bob dylan
galveston,blues,1969,2000,donovan
im gonna make you mine,rock,1969,5000,classics iv
gitarzan,classic,1969,3250,mama cass elliot
can i change my mind,pop,1969,4000,jay and the americans
time is tight,jazz,1969,1000,the temptations
this girls in love with you,blues,1969,3000,the ventures
color him father,rock,1969,2000,glen campbell
black pearl,classic,1969,5000,lou christie
indian giver,pop,1969,3250,ray stevens
mother popcorn,jazz,1969,4000,tyrone davis
twentyfive miles,blues,1969,1000,booker t  the mgs
things id like to say,rock,1969,3000,dionne warwick
when i die,classic,1969,2000,the winstons
thats the way love is,pop,1969,5000,checkmates ltd
everybodys talkin,jazz,1969,3250,1910 fruitgum company
the worst that could happen,blues,1969,4000,james brown
the chokin kind,rock,1969,1000,edwin starr
smile a little smile for me,classic,1969,3000,new colony six
polk salad annie,pop,1969,2000,motherlode
ruby dont take your love to town,jazz,1969,5000,marvin gaye
games people play,blues,1969,3250,harry nilsson
you showed me,rock,1969,4000,johnny maestro  the brooklyn bridge
tracy,classic,1969,1000,joe simon
oh what a night,pop,1969,3000,the flying machine
something,jazz,1969,2000,tony joe white
this girl is a woman now,blues,1969,5000,kenny rogers  the first edition
come together,rock,1969,3250,joe south
ramblin gamblin man,classic,1969,4000,the turtles
im gonna make you love me,pop,1969,1000,the cuff links
i heard it through the grapevine,jazz,1969,3000,the dells
gimme gimme good lovin,blues,1969,2000,the beatles
hang em high,rock,1969,5000,gary puckett  the union gap
your good thing is about to end,classic,1969,3250,the beatles
baby im for real,pop,1969,4000,bob seger system
oh happy day,jazz,1969,1000,the supremes  the temptations
love me tonight,blues,1969,3000,marvin gaye
mr sun mr moon,rock,1969,2000,crazy elephant
laughing,classic,1969,5000,booker t  the mgs
my whole world ended the moment you left me,pop,1969,3250,lou rawls
soul deep,jazz,1969,4000,the originals
hooked on a feeling,blues,1969,1000,edwin hawkins singers
sweet cream ladies,rock,1969,3000,tom jones
bridge over troubled water,classic,1969,2000,paul revere  the raiders
they long to be close to you,pop,1969,5000,the guess who
american woman,jazz,1969,3250,david ruffin
raindrops keep fallin on my head,blues,1969,4000,the box tops
war,rock,1969,1000,bj thomas
ill be there,classic,1969,3000,the box tops
get ready,pop,1970,2000,simon  garfunkel
let it be,jazz,1970,5000,the carpenters
band of gold,blues,1970,3250,the guess who
mama told me not to come,rock,1970,4000,bj thomas
everything is beautiful,classic,1970,1000,edwin starr
make it with you,pop,1970,3000,diana ross
hitchin a ride,jazz,1970,2000,the jackson 5
abc,blues,1970,5000,rare earth
the love you save,rock,1970,3250,the beatles
cracklin rosie,classic,1970,4000,freda payne
candida,pop,1970,1000,three dog night
thank you falettinme be mice elf agin,jazz,1970,3000,ray stevens
spill the wine,blues,1970,2000,bread
ooh child,rock,1970,5000,vanity fare
spirit in the sky,classic,1970,3250,the jackson 5
lay down candles in the rain,pop,1970,4000,the jackson 5
ball of confusion thats what the world is today,jazz,1970,1000,neil diamond
love on a twoway street,blues,1970,3000,dawn
which way you goin billy,rock,1970,2000,sly  the family stone
all right now,classic,1970,5000,eric burdon  war
i want you back,pop,1970,3250,five stairsteps
julie do ya love me,jazz,1970,4000,norman greenbaum
greeneyed lady,blues,1970,1000,melanie
signed sealed delivered im yours,rock,1970,3000,the temptations
ride captain ride,classic,1970,2000,the moments
venus,pop,1970,5000,the poppy family
instant karma,jazz,1970,3250,free
patches,blues,1970,4000,the jackson 5
lookin out my back door,rock,1970,1000,bobby sherman
rainy night in georgia,classic,1970,3000,sugarloaf
somethings burning,pop,1970,2000,stevie wonder
give me just a little more time,jazz,1970,5000,blues image
love grows where my rosemary goes,blues,1970,3250,shocking blue
the long and winding road,rock,1970,4000,john lennon
snowbird,classic,1970,1000,clarence carter
reflections of my life,pop,1970,3000,creedence clearwater revival
hey there lonely girl,jazz,1970,2000,brook benton
the rapper,blues,1970,5000,kenny rogers  the first edition
he aint heavy hes my brother,rock,1970,3250,chairmen of the board
tighter tighter,classic,1970,4000,edison lighthouse
come and get it,pop,1970,1000,the beatles
cecilia,jazz,1970,3000,anne murray
love land,blues,1970,2000,marmalade
turn back the hands of time,rock,1970,5000,eddie holman
lola,classic,1970,3250,the jaggerz
in the summertime,pop,1970,4000,the hollies
indiana wants me,jazz,1970,1000,alive n kickin
i know im losing you,blues,1970,3000,badfinger
easy come easy go,rock,1970,2000,simon  garfunkel
express yourself,classic,1970,5000,charles wright  the watts 103rd street rhythm band
still water love,pop,1970,3250,tyrone davis
make me smile,jazz,1970,4000,the kinks
the house of the rising sun,blues,1970,1000,mungo jerry
25 or 6 to 4,rock,1970,3000,r dean taylor
my baby loves lovin,classic,1970,2000,rare earth
love or let me be lonely,pop,1970,5000,bobby sherman
united we stand,jazz,1970,3250,charles wright  the watts 103rd street rhythm band
weve only just begun,blues,1970,4000,the four tops
arizona,rock,1970,1000,chicago
fire and rain,classic,1970,3000,frijid pink
groovy situation,pop,1970,2000,chicago
evil ways,jazz,1970,5000,white plains
no time,blues,1970,3250,the friends of distinction
didnt i blow your mind this time,rock,1970,4000,the brotherhood of man
the wonder of you,classic,1970,1000,the carpenters
up around the bend,pop,1970,3000,mark lindsay
if you let me make love to you then why cant i touch you,jazz,1970,2000,james taylor
i just cant help believing,blues,1970,5000,gene chandler
its a shame,rock,1970,3250,santana
for the love of him,classic,1970,4000,the guess who
mississippi queen,pop,1970,1000,the delfonics
i want to take you higher,jazz,1970,3000,elvis presley
ma belle amie,blues,1970,2000,creedence clearwater revival
the bells,rock,1970,5000,ronnie dyson
yellow river,classic,1970,3250,bj thomas
somebodys been sleeping,pop,1970,4000,the spinners
vehicle,jazz,1970,1000,bobbi martin
gimme dat ding,blues,1970,3000,mountain
lay a little lovin on me,rock,1970,2000,ike  tina turner
up the ladder to the roof,classic,1970,5000,joe cocker
travelin band,pop,1970,3250,tee set
come saturday morning,jazz,1970,4000,the originals
psychedelic shack,blues,1970,1000,christie
without love there is nothing,rock,1970,3000,100 proof aged in soul
are you ready,classic,1970,2000,the ides of march
woodstock,pop,1970,5000,the pipkins
look what theyve done to my song ma,jazz,1970,3250,robin mcnamara
walk a mile in my shoes,blues,1970,4000,the supremes
the thrill is gone,rock,1970,1000,creedence clearwater revival
its only make believe,classic,1970,3000,the sandpipers
call me,pop,1970,2000,the temptations
joy to the world,jazz,1970,5000,tom jones
maggie mayreason to believe,blues,1970,3250,pacific gas  electric
its too latei feel the earth move,rock,1970,4000,crosby stills nash  young
one bad apple,classic,1970,1000,dionne warwick
how can you mend a broken heart,pop,1970,3000,the new seekers
indian reservation the lament of the cherokee reservation indian,jazz,1970,2000,joe south
go away little girl,blues,1970,5000,bb king
take me home country roads,rock,1970,3250,glen campbell
just my imagination running away with me,classic,1970,4000,aretha franklin
knock three times,pop,1971,1000,three dog night
me and bobby mcgee,jazz,1971,3000,rod stewart
tired of being alone,blues,1971,2000,carole king
want ads,rock,1971,5000,the osmonds
smiling faces sometimes,classic,1971,3250,bee gees
treat her like a lady,pop,1971,4000,paul revere  the raiders
youve got a friend,jazz,1971,1000,donny osmond
mr big stuff,blues,1971,3000,john denver
brown sugar,rock,1971,2000,the temptations
do you know what i mean,classic,1971,5000,tony orlando and dawn
the night they drove old dixie down,pop,1971,3250,janis joplin
whats going on,jazz,1971,4000,al green
uncle albertadmiral halsey,blues,1971,1000,honey cone
aint no sunshine,rock,1971,3000,the undisputed truth
signs,classic,1971,2000,cornelius brothers  sister rose
shes a lady,pop,1971,5000,james taylor
superstar,jazz,1971,3250,jean knight
ive found someone of my own,blues,1971,4000,the rolling stones
amos moses,rock,1971,1000,lee michaels
temptation eyes,classic,1971,3000,joan baez
my sweet lord,pop,1971,2000,marvin gaye
sweet and innocent,jazz,1971,5000,paul  linda mccartney
put your hand in the hand,blues,1971,3250,bill withers
chickaboom dont ya jes love it,rock,1971,4000,five man electrical band
for all we know,classic,1971,1000,tom jones
help me make it through the night,pop,1971,3000,murray head  the trindad singers
rainy days and mondays,jazz,1971,2000,the free movement
if you could read my mind,blues,1971,5000,jerry reed
gypsys tramps  thieves,rock,1971,3250,the grass roots
never can say goodbye,classic,1971,4000,the carpenters
rose garden,pop,1971,1000,george harrison
dont pull your love,jazz,1971,3000,donny osmond
it dont come easy,blues,1971,2000,ocean
mr bojangles,rock,1971,5000,daddy dewdrop
i love you for all seasons,classic,1971,3250,the carpenters
whatcha see is whatcha get,pop,1971,4000,sammi smith
thats the way ive always heard it should be,jazz,1971,1000,the carpenters
if you really love me,blues,1971,3000,gordon lightfoot
spanish harlem,rock,1971,2000,cher
i dont know how to love him,classic,1971,5000,the jackson 5
yoyo,pop,1971,3250,lynn anderson
doesnt somebody want to be wanted,jazz,1971,4000,hamilton joe frank  reynolds
draggin the line,blues,1971,1000,ringo starr
beginningscolour my world,rock,1971,3000,nitty gritty dirt band
stay awhile,classic,1971,2000,the fuzz
sweet city woman,pop,1971,5000,the dramatics
me and you and a dog named boo,jazz,1971,3250,carly simon
another dayoh woman oh why,blues,1971,4000,stevie wonder
if,rock,1971,1000,aretha franklin
mercy mercy me the ecology,classic,1971,3000,helen reddy
one toke over the line,pop,1971,2000,the osmonds
shes not just another woman,jazz,1971,5000,aretha franklin
bring the boys home,blues,1971,3250,the partridge family
i just want to celebrate,rock,1971,4000,tommy james
never ending song of love,classic,1971,1000,ike  tina turner
easy loving,pop,1971,3000,chicago
liar,jazz,1971,2000,the bells
stickup,blues,1971,5000,the stampeders
chirpy chirpy cheep cheep,rock,1971,3250,lobo
where do i begin love story,classic,1971,4000,paul mccartney
wild world,pop,1971,1000,bread
when youre hot youre hot,jazz,1971,3000,marvin gaye
funky nassau,blues,1971,2000,brewer  shipley
if not for you,rock,1971,5000,8th day
groove me,classic,1971,3250,freda payne
watching scotty grow,pop,1971,4000,rare earth
amazing grace,jazz,1971,1000,delaney  bonnie  friends
i hear you knocking,blues,1971,3000,freddie hart
lonely days,rock,1971,2000,three dog night
here comes that rainy day feeling again,classic,1971,5000,the honey cone
wont get fooled again,pop,1971,3250,mac and katie kissoon
trapped by a thing called love,jazz,1971,4000,andy williams
mamas pearl,blues,1971,1000,cat stevens
timothy,rock,1971,3000,jerry reed
i woke up in love this morning,classic,1971,2000,the beginning of the end
theme from shaft,pop,1971,5000,olivia newtonjohn
if i were your woman,jazz,1971,3250,king floyd
i ami said,blues,1971,4000,bobby goldsboro
the wedding song there is love,rock,1971,1000,matthews southern comfort
dont knock my love,classic,1971,3000,judy collins
love her madly,pop,1971,2000,dave edmunds
here comes the sun,jazz,1971,5000,bee gees
sweet mary,blues,1971,3250,the fortunes
right on the tip of my tongue,rock,1971,4000,the who
one less bell to answer,classic,1971,1000,denise lasalle
riders on the storm,pop,1971,3000,the jackson 5
somos novios its impossible,jazz,1971,2000,the buoys
the first time ever i saw your face,blues,1971,5000,the partridge family
alone again naturally,rock,1971,3250,isaac hayes
american pie,classic,1971,4000,gladys knight  the pips
without you,pop,1971,1000,neil diamond
the candy man,jazz,1971,3000,paul stookey
i gotcha,blues,1971,2000,wilson pickett
lean on me,rock,1971,5000,the doors
baby dont get hooked on me,classic,1971,3250,richie havens
brand new key,pop,1971,4000,wadsworth mansion
daddy dont you walk so fast,jazz,1971,1000,brenda  the tabulations
lets stay together,blues,1971,3000,the 5th dimension
brandy youre a fine girl,rock,1971,2000,the doors
oh girl,classic,1971,5000,perry como
nice to be with you,pop,1972,3250,roberta flack
my dingaling,jazz,1972,4000,gilbert osullivan
if loving you is wrong i dont want to be right,blues,1972,1000,don mclean
heart of gold,rock,1972,3000,harry nilsson
betcha by golly wow,classic,1972,2000,sammy davis jr
ill take you there,pop,1972,5000,joe tex
ben,jazz,1972,3250,bill withers
the lion sleeps tonight,blues,1972,4000,mac davis
outaspace,rock,1972,1000,melanie
slippin into darkness,classic,1972,3000,wayne newton
long cool woman in a black dress,pop,1972,2000,al green
how do you do,jazz,1972,5000,looking glass
song sung blue,blues,1972,3250,the chilites
a horse with no name,rock,1972,4000,gallery
popcorn,classic,1972,1000,chuck berry
everybody plays the fool,pop,1972,3000,luther ingram
precious and few,jazz,1972,2000,neil young
last night i didnt get to sleep at all,blues,1972,5000,the stylistics
nights in white satin,rock,1972,3250,the staple singers
go all the way,classic,1972,4000,michael jackson
too late to turn back now,pop,1972,1000,robert john
back stabbers,jazz,1972,3000,billy preston
down by the lazy river,blues,1972,2000,war
sunshine,rock,1972,5000,the hollies
starting all over again,classic,1972,3250,mouth  macneal
day after day,pop,1972,4000,neil diamond
rocket man,jazz,1972,1000,america
rockin robin,blues,1972,3000,hot butter
beautiful sunday,rock,1972,2000,the main ingredient
scorpio,classic,1972,5000,climax
morning has broken,pop,1972,3250,the 5th dimension
city of new orleans,jazz,1972,4000,the moody blues
garden party,blues,1972,1000,raspberries
i can see clearly now,rock,1972,3000,cornelius brothers  sister rose
burning love,classic,1972,2000,the ojays
clean up woman,pop,1972,5000,the osmonds
hold your head up,jazz,1972,3250,jonathan edwards
jungle fever,blues,1972,4000,mel and tim
everything i own,rock,1972,1000,badfinger
in the rain,classic,1972,3000,elton john
look what you done for me,pop,1972,2000,michael jackson
the happiest girl in the whole usa,jazz,1972,5000,daniel boone
get it on,blues,1972,3250,dennis coffey
mother and child reunion,rock,1972,4000,cat stevens
where is the love,classic,1972,1000,arlo guthrie
im still in love with you,pop,1972,3000,ricky nelson
layla,jazz,1972,2000,johnny nash
day dreaming,blues,1972,5000,elvis presley
the way of love,rock,1972,3250,betty wright
black and white,classic,1972,4000,argent
sylvias mother,pop,1972,1000,the chakachas
hurting each other,jazz,1972,3000,bread
coconut,blues,1972,2000,the dramatics
puppy love,rock,1972,5000,al green
you dont mess around with jim,classic,1972,3250,donna fargo
hot rod lincoln,pop,1972,4000,t rex
a cowboys work is never done,jazz,1972,1000,paul simon
joy,blues,1972,3000,roberta flack  donny hathaway
anticipation,rock,1972,2000,al green
never been to spain,classic,1972,5000,derek and the dominos
kiss an angel good mornin,pop,1972,3250,aretha franklin
schools out,jazz,1972,4000,cher
saturday in the park,blues,1972,1000,three dog night
drowning in the sea of love,rock,1972,3000,dr hook  the medicine show
use me,classic,1972,2000,the carpenters
family affair,pop,1972,5000,harry nilsson
troglodyte cave man,jazz,1972,3250,donny osmond
the witch queen of new orleans,blues,1972,4000,jim croce
freddies dead,rock,1972,1000,commander cody and his lost planet airmen
power of love,classic,1972,3000,sonny  cher
aint understanding mellow,pop,1972,2000,apollo 100
taxi,jazz,1972,5000,carly simon
dont say you dont remember,blues,1972,3250,three dog night
i saw the light,rock,1972,4000,charley pride
motorcycle mama,classic,1972,1000,alice cooper
day by day,pop,1972,3000,chicago
roundabout,jazz,1972,2000,joe simon
doctor my eyes,blues,1972,5000,bill withers
id like to teach the world to sing in perfect harmony,rock,1972,3250,sly  the family stone
vincent,classic,1972,4000,jimmy castor bunch
baby let me take you in my arms,pop,1972,1000,redbone
speak to the sky,jazz,1972,3000,curtis mayfield
walkin in the rain with the one i love,blues,1972,2000,joe simon
get on the good foot,rock,1972,5000,jerry butler  brenda lee eager
pop that thang,classic,1972,3250,harry chapin
tie a yellow ribbon round the ole oak tree,pop,1972,4000,beverly bremers
bad bad leroy brown,jazz,1972,1000,bobby vinton
killing me softly with his song,blues,1972,3000,todd rundgren
lets get it on,rock,1972,2000,sailcat
why me,classic,1972,5000,original cast of godspell
crocodile rock,pop,1972,3250,yes
will it go round in circles,jazz,1972,4000,jackson browne
youre so vain,blues,1972,1000,the new seekers
touch me in the morning,rock,1972,3000,don mclean
the night the lights went out in georgia,classic,1972,2000,the detroit emeralds
playground in my mind,pop,1972,5000,rick springfield
brother louie,jazz,1972,3250,the hillside singers
delta dawn,blues,1972,4000,love unlimited
me and mrs jones,rock,1972,1000,james brown
frankenstein,classic,1972,3000,the isley brothers
drift away,pop,1973,2000,tony orlando and dawn
little willy,jazz,1973,5000,jim croce
you are the sunshine of my life,blues,1973,3250,roberta flack
halfbreed,rock,1973,4000,marvin gaye
that lady,classic,1973,1000,paul mccartney  wings
pillow talk,pop,1973,3000,kris kristofferson
were an american band,jazz,1973,2000,elton john
right place wrong time,blues,1973,5000,billy preston
wildflower,rock,1973,3250,carly simon
superstition,classic,1973,4000,diana ross
loves me like a rock,pop,1973,1000,vicki lawrence
the morning after,jazz,1973,3000,clint holmes
rocky mountain high,blues,1973,2000,stories
stuck in the middle with you,rock,1973,5000,helen reddy
shambala,classic,1973,3250,billy paul
love train,pop,1973,4000,edgar winter group
im gonna love you just a little more baby,jazz,1973,1000,dobie gray
say has anybody seen my sweet gypsy rose,blues,1973,3000,sweet
keep on truckin,rock,1973,2000,stevie wonder
dancing in the moonlight,classic,1973,5000,cher
dannys song,pop,1973,3250,the isley brothers
monster mash,jazz,1973,4000,sylvia
natural high,blues,1973,1000,grand funk railroad
diamond girl,rock,1973,3000,dr john
long train runnin,classic,1973,2000,skylark
give me love give me peace on earth,pop,1973,5000,stevie wonder
if you want me to stay,jazz,1973,3250,paul simon
daddys home,blues,1973,4000,maureen mcgovern
neither one of us wants to be the first to say goodbye,rock,1973,1000,john denver
im doin fine now,classic,1973,3000,stealers wheel
could it be im falling in love,pop,1973,2000,three dog night
daniel,jazz,1973,5000,the ojays
midnight train to georgia,blues,1973,3250,barry white
smoke on the water,rock,1973,4000,tony orlando and dawn
the cover of the rolling stone,classic,1973,1000,eddie kendricks
behind closed doors,pop,1973,3000,king harvest
your mama dont dance,jazz,1973,2000,anne murray
feelin stronger every day,blues,1973,5000,bobby boris pickett and the cryptkickers
the cisco kid,rock,1973,3250,bloodstone
live and let die,classic,1973,4000,seals and crofts
oh babe what would you say,pop,1973,1000,the doobie brothers
i believe in you you believe in me,jazz,1973,3000,george harrison
sing,blues,1973,2000,sly  the family stone
aint no woman like the one ive got,rock,1973,5000,jermaine jackson
dueling banjos,classic,1973,3250,gladys knight  the pips
higher ground,pop,1973,4000,new york city
here i am come and take me,jazz,1973,1000,the spinners
my maria,blues,1973,3000,elton john
superfly,rock,1973,2000,gladys knight  the pips
get down,classic,1973,5000,deep purple
last song,pop,1973,3250,dr hook  the medicine show
reelin in the years,jazz,1973,4000,charlie rich
hocus pocus,blues,1973,1000,loggins and messina
yesterday once more,rock,1973,3000,chicago
boogie woogie bugle boy,classic,1973,2000,war
clair,pop,1973,5000,paul mccartney  wings
do it again,jazz,1973,3250,hurricane smith
kodachrome,blues,1973,4000,johnnie taylor
why cant we live together,rock,1973,1000,the carpenters
so very hard to go,classic,1973,3000,the four tops
do you wanna dance,pop,1973,2000,eric weissberg  steve mandell
rockin pneumonia and the boogie woogie flu,jazz,1973,5000,stevie wonder
ramblin man,blues,1973,3250,al green
masterpiece,rock,1973,4000,bw stevenson
peaceful,classic,1973,1000,curtis mayfield
one of a kind love affair,pop,1973,3000,gilbert osullivan
funny face,jazz,1973,2000,edward bear
funky worm,blues,1973,5000,steely dan
angie,rock,1973,3250,focus
jambalaya on the bayou,classic,1973,4000,the carpenters
dont expect me to be your friend,pop,1973,1000,bette midler
break up to make up,jazz,1973,3000,gilbert osullivan
daisy a day,blues,1973,2000,steely dan
also sprach zarathustra 2001,rock,1973,5000,paul simon
stir it up,classic,1973,3250,timmy thomas
money,pop,1973,4000,tower of power
gypsy man,jazz,1973,1000,bette midler
the world is a ghetto,blues,1973,3000,johnny rivers
yes we can can,rock,1973,2000,the allman brothers band
free ride,classic,1973,5000,the temptations
space oddity,pop,1973,3250,helen reddy
it never rains in southern california,jazz,1973,4000,the spinners
the twelfth of never,blues,1973,1000,donna fargo
papa was a rollin stone,rock,1973,3000,ohio players
the way we were,classic,1973,2000,the rolling stones
seasons in the sun,pop,1973,5000,blue ridge rangers
loves theme,jazz,1973,3250,lobo
come and get your love,blues,1973,4000,the stylistics
dancing machine,rock,1973,1000,jud strunk
the locomotion,classic,1973,3000,deodato
tsop the sound of philadelphia,pop,1973,2000,johnny nash
the streak,jazz,1973,5000,pink floyd
bennie and the jets,blues,1973,3250,war
one hell of a woman,rock,1973,4000,war
until you come back to me thats what im gonna do,classic,1973,1000,the pointer sisters
jungle boogie,pop,1973,3000,edgar winter group
midnight at the oasis,jazz,1973,2000,david bowie
you make me feel brand new,blues,1973,5000,albert hammond
show and tell,rock,1973,3250,donny osmond
spiders and snakes,classic,1973,4000,the temptations
rock on,pop,1974,1000,barbra streisand
sunshine on my shoulders,jazz,1974,3000,terry jacks
sideshow,blues,1974,2000,love unlimited orchestra
billy dont be a hero,rock,1974,5000,redbone
band on the run,classic,1974,3250,the jackson 5
the most beautiful girl,pop,1974,4000,grand funk railroad
time in a bottle,jazz,1974,1000,mfsb
annies song,blues,1974,3000,ray stevens
let me be there,rock,1974,2000,elton john
sundown,classic,1974,5000,mac davis
youre having my baby,pop,1974,3250,aretha franklin
rock me gently,jazz,1974,4000,kool  the gang
boogie down,blues,1974,1000,maria muldaur
youre sixteen,rock,1974,3000,the stylistics
if you love me let me know,classic,1974,2000,al wilson
dark lady,pop,1974,5000,jim stafford
best thing that ever happened to me,jazz,1974,3250,david essex
feel like makin love,blues,1974,4000,john denver
just dont want to be lonely,rock,1974,1000,blue magic
nothing from nothing,classic,1974,3000,blue swede
rock your baby,pop,1974,2000,bo donaldson and the heywoods
top of the world,jazz,1974,5000,paul mccartney and wings
the joker,blues,1974,3250,charlie rich
ive got to use my imagination,rock,1974,4000,jim croce
the show must go on,classic,1974,1000,john denver
rock the boat,pop,1974,3000,olivia newtonjohn
smokin in the boys room,jazz,1974,2000,gordon lightfoot
living for the city,blues,1974,5000,paul anka
the night chicago died,rock,1974,3250,andy kim
then came you,classic,1974,4000,eddie kendricks
the entertainer,pop,1974,1000,ringo starr
waterloo,jazz,1974,3000,olivia newtonjohn
the air that i breathe,blues,1974,2000,cher
rikki dont lose that number,rock,1974,5000,gladys knight  the pips
mockingbird,classic,1974,3250,roberta flack
help me,pop,1974,4000,the main ingredient
you wont see me,jazz,1974,1000,billy preston
never never gonna give you up,blues,1974,3000,george mccrae
tell me something good,rock,1974,2000,the carpenters
you and me against the world,classic,1974,5000,steve miller band
rock and roll heaven,pop,1974,3250,gladys knight  the pips
hollywood swinging,jazz,1974,4000,three dog night
be thankful for what you got,blues,1974,1000,the hues corporation
hang on in there baby,rock,1974,3000,brownsville station
eres tu,classic,1974,2000,stevie wonder
takin care of business,pop,1974,5000,paper lace
radar love,jazz,1974,3250,dionne warwick  the spinners
please come to boston,blues,1974,4000,marvin hamlisch
keep on smilin,rock,1974,1000,abba
lookin for a love,classic,1974,3000,the hollies
put your hands together,pop,1974,2000,steely dan
on and on,jazz,1974,5000,carly simon  james taylor
oh very young,blues,1974,3250,joni mitchell
leave me alone ruby red dress,rock,1974,4000,anne murray
goodbye yellow brick road,classic,1974,1000,barry white
ive been searchin so long,pop,1974,3000,rufus  chaka khan
oh my my,jazz,1974,2000,helen reddy
for the love of money,blues,1974,5000,the righteous brothers
i shot the sheriff,rock,1974,3250,kool  the gang
jet,classic,1974,4000,william devaughn
dont let the sun go down on me,pop,1974,1000,johnny bristol
tubular bells,jazz,1974,3000,mocedades
a love song,blues,1974,2000,bachmanturner overdrive
im leaving it up to you,rock,1974,5000,golden earring
hello its me,classic,1974,3250,dave loggins
i love,pop,1974,4000,wet willie
clap for the wolfman,jazz,1974,1000,bobby womack
ill have to say i love you in a song,blues,1974,3000,the ojays
the lords prayer,rock,1974,2000,gladys knight  the pips
trying to hold on to my woman,classic,1974,5000,cat stevens
dont you worry bout a thing,pop,1974,3250,helen reddy
a very special love song,jazz,1974,4000,elton john
my girl bill,blues,1974,1000,chicago
helen wheels,rock,1974,3000,ringo starr
my mistake was to love you,classic,1974,2000,the ojays
wildwood weed,pop,1974,5000,eric clapton
beach baby,jazz,1974,3250,paul mccartney and wings
me and baby brother,blues,1974,4000,elton john
rockin roll baby,rock,1974,1000,mike oldfield
i honestly love you,classic,1974,3000,anne murray
call on me,pop,1974,2000,donny and marie osmond
mighty love,jazz,1974,5000,todd rundgren
love will keep us together,blues,1974,3250,tom t hall
rhinestone cowboy,rock,1974,4000,the guess who featuring wolfman jack
philadelphia freedom,classic,1974,1000,jim croce
before the next teardrop falls,pop,1974,3000,sister janet mead
my eyes adored you,jazz,1974,2000,lamont dozier
shining star,blues,1974,5000,stevie wonder
fame,rock,1974,3250,charlie rich
laughter in the rain,classic,1974,4000,jim stafford
one of these nights,pop,1974,1000,paul mccartney and wings
thank god im a country boy,jazz,1974,3000,diana ross  marvin gaye
jive talkin,blues,1974,2000,jim stafford
best of my love,rock,1974,5000,the first class
lovin you,classic,1974,3250,war
kung fu fighting,pop,1974,4000,the stylistics
black water,jazz,1974,1000,olivia newtonjohn
the ballroom blitz,blues,1974,3000,chicago
hey wont you play another somebody done somebody wrong song,rock,1974,2000,fancy
he dont love you like i love you,classic,1974,5000,the spinners
at seventeen,pop,1975,3250,captain  tennille
pick up the pieces,jazz,1975,4000,glen campbell
the hustle,blues,1975,1000,elton john
lady marmalade,rock,1975,3000,freddy fender
why cant we be friends,classic,1975,2000,frankie valli
love wont let me wait,pop,1975,5000,earth wind  fire
boogie on reggae woman,jazz,1975,3250,david bowie
wasted days and wasted nights,blues,1975,4000,neil sedaka
fight the power,rock,1975,1000,eagles
angie baby,classic,1975,3000,john denver
jackie blue,pop,1975,2000,bee gees
magic,jazz,1975,5000,eagles
please mr postman,blues,1975,3250,minnie riperton
sister golden hair,rock,1975,4000,carl douglas
lucy in the sky with diamonds,classic,1975,1000,the doobie brothers
mandy,pop,1975,3000,sweet
have you never been mellow,jazz,1975,2000,bj thomas
could it be magic,blues,1975,5000,tony orlando and dawn
cats in the cradle,rock,1975,3250,janis ian
wildfire,classic,1975,4000,average white band
im not lisa,pop,1975,1000,van mccoy  the soul city symphony
listen to what the man said,jazz,1975,3000,labelle
im not in love,blues,1975,2000,war
i can help,rock,1975,5000,major harris
fallin in love,classic,1975,3250,stevie wonder
feelings,pop,1975,4000,freddy fender
chevy van,jazz,1975,1000,the isley brothers
when will i be loved,blues,1975,3000,helen reddy
youre the first the last my everything,rock,1975,2000,ozark mountain daredevils
please mr please,classic,1975,5000,ohio players
youre no good,pop,1975,3250,pilot
dynomite,jazz,1975,4000,the carpenters
walking in rhythm,blues,1975,1000,america
the way we weretry to remember,rock,1975,3000,elton john
midnight blue,classic,1975,2000,barry manilow
dont call us well call you,pop,1975,5000,olivia newtonjohn
poetry man,jazz,1975,3250,barry manilow
how long,blues,1975,4000,harry chapin
express,rock,1975,1000,michael martin murphey
thats the way of the world,classic,1975,3000,jessi colter
lady,pop,1975,2000,wings
bad time,jazz,1975,5000,10cc
only women bleed,blues,1975,3250,billy swan
doctors orders,rock,1975,4000,hamilton joe frank  reynolds
get down tonight,classic,1975,1000,morris albert
you are so beautiful,pop,1975,3000,sammy johns
one man womanone woman man,jazz,1975,2000,linda ronstadt
dance with me,blues,1975,5000,barry white
cut the cake,rock,1975,3250,olivia newtonjohn
i dont like to sleep alone,classic,1975,4000,linda ronstadt
morning side of the mountain,pop,1975,1000,bazuka
some kind of wonderful,jazz,1975,3000,the blackbyrds
when will i see you again,blues,1975,2000,gladys knight  the pips
get down get down get on the floor,rock,1975,5000,melissa manchester
im sorry,classic,1975,3250,sugarloaf
killer queen,pop,1975,4000,phoebe snow
shoeshine boy,jazz,1975,1000,ace
do it til youre satisfied,blues,1975,3000,bt express
cant get it out of my head,rock,1975,2000,earth wind  fire
shalala make me happy,classic,1975,5000,styx
lonely people,pop,1975,3250,grand funk
you got the love,jazz,1975,4000,alice cooper
the rockford files,blues,1975,1000,carol douglas
it only takes a minute,rock,1975,3000,kc and the sunshine band
no no song,classic,1975,2000,joe cocker
juniors farm,pop,1975,5000,paul anka  odia coates
bungle in the jungle,jazz,1975,3250,bad company
long tall glasses,blues,1975,4000,james taylor
someone saved my life tonight,rock,1975,1000,orleans
misty,classic,1975,3000,average white band
bad blood,pop,1975,2000,gloria gaynor
only yesterday,jazz,1975,5000,paul anka
im on fire,blues,1975,3250,donny  marie osmond
only you and you alone,rock,1975,4000,grand funk railroad
third rate romance,classic,1975,1000,the three degrees
you aint seen nothing yet,pop,1975,3000,joe simon
swearin to god,jazz,1975,2000,john denver
get dancin,blues,1975,5000,queen
silly love songs,rock,1975,3250,eddie kendricks
dont go breaking my heart,classic,1975,4000,bt express
disco lady,pop,1975,1000,electric light orchestra
december 1963 oh what a night,jazz,1975,3000,al green
play that funky music,blues,1975,2000,america
kiss and say goodbye,rock,1975,5000,rufus
love machine,classic,1975,3250,mike post
50 ways to leave your lover,pop,1975,4000,tavares
love is alive,jazz,1975,1000,ringo starr
a fifth of beethoven,blues,1975,3000,paul mccartney  wings
sara smile,rock,1975,2000,jethro tull
afternoon delight,classic,1975,5000,leo sayer
i write the songs,pop,1975,3250,elton john
fly robin fly,jazz,1975,4000,ray stevens
love hangover,blues,1975,1000,neil sedaka  elton john
get closer,rock,1975,3000,the carpenters
more more more,classic,1975,2000,dwight twilley band
bohemian rhapsody,pop,1975,5000,ringo starr
misty blue,jazz,1975,3250,amazing rhythm aces
boogie fever,blues,1975,4000,bachmanturner overdrive
id really love to see you tonight,rock,1975,1000,frankie valli
you sexy thing,classic,1975,3000,discotex and the sexolettes
love hurts,pop,1976,2000,wings
get up and boogie,jazz,1976,5000,elton john  kiki dee
take it to the limit,blues,1976,3250,johnnie taylor
shake shake shake shake your booty,rock,1976,4000,the four seasons
sweet love,classic,1976,1000,wild cherry
right back where we started from,pop,1976,3000,the manhattans
theme from swat,jazz,1976,2000,the miracles
love rollercoaster,blues,1976,5000,paul simon
you should be dancing,rock,1976,3250,gary wright
youll never find another love like mine,classic,1976,4000,walter murphy  the big apple band
golden years,pop,1976,1000,hall  oates
moonlight feels right,jazz,1976,3000,starland vocal band
only sixteen,blues,1976,2000,barry manilow
let your love flow,rock,1976,5000,silver convention
dream weaver,classic,1976,3250,diana ross
turn the beat around,pop,1976,4000,seals and crofts
lonely night angel face,jazz,1976,1000,andrea true connection
all by myself,blues,1976,3000,queen
love to love you baby,rock,1976,2000,dorothy moore
deep purple,classic,1976,5000,the sylvers
theme from mahogany do you know where youre going to,pop,1976,3250,england dan  john ford coley
sweet thing,jazz,1976,4000,hot chocolate
thats the way i like it,blues,1976,1000,nazareth
a little bit more,rock,1976,3000,silver convention
shannon,classic,1976,2000,eagles
if you leave me now,pop,1976,5000,kc and the sunshine band
lowdown,jazz,1976,3250,commodores
show me the way live,blues,1976,4000,maxine nightingale
dream on,rock,1976,1000,rhythm heritage
i love music,classic,1976,3000,ohio players
say you love me,pop,1976,2000,bee gees
times of your life,jazz,1976,5000,lou rawls
devil woman,blues,1976,3250,david bowie
fooled around and fell in love,rock,1976,4000,starbuck
convoy,classic,1976,1000,dr hook
welcome back,pop,1976,3000,the bellamy brothers
sing a song,jazz,1976,2000,gary wright
heaven must be missing an angel,blues,1976,5000,vicki sue robinson
ill be good to you,rock,1976,3250,captain  tennille
rock and roll music,classic,1976,4000,eric carmen
shop around,pop,1976,1000,donna summer
saturday night,jazz,1976,3000,donny  marie osmond
island girl,blues,1976,2000,diana ross
lets do it again,rock,1976,5000,rufus
let em in,classic,1976,3250,kc and the sunshine band
baby face,pop,1976,4000,dr hook
this masquerade,jazz,1976,1000,henry gross
evil woman,blues,1976,3000,chicago
wham bam,rock,1976,2000,boz scaggs
im easy,classic,1976,5000,peter frampton
wake up everybody,pop,1976,3250,aerosmith
summer,jazz,1976,4000,the ojays
let her in,blues,1976,1000,fleetwood mac
fox on the run,rock,1976,3000,paul anka
rhiannon,classic,1976,2000,cliff richard
got to get you into my life,pop,1976,5000,elvin bishop
fanny be tender with my love,jazz,1976,3250,c w mccall
getaway,blues,1976,4000,john sebastian
shes gone,rock,1976,1000,earth wind  fire
still the one,classic,1976,3000,tavares
youre my best friend,pop,1976,2000,the brothers johnson
with your love,jazz,1976,5000,the beach boys
slow ride,blues,1976,3250,captain  tennille
whod she coo,rock,1976,4000,bay city rollers
the boys are back in town,classic,1976,1000,elton john
walk away from love,pop,1976,3000,the staple singers
baby i love your way live,jazz,1976,2000,wings
young hearts run free,blues,1976,5000,wing and a prayer fife and drum corps
breaking up is hard to do,rock,1976,3250,george benson
money honey,classic,1976,4000,electric light orchestra
give up the funk tear the roof off the sucker,pop,1976,1000,silver
junk food junkie,jazz,1976,3000,keith carradine
tryin to get the feeling again,blues,1976,2000,harold melvin  the blue notes
rock and roll all nite live,rock,1976,5000,war
disco duck,classic,1976,3250,john travolta
take the money and run,pop,1976,4000,sweet
squeeze box,jazz,1976,1000,fleetwood mac
country boy you got your feet in la,blues,1976,3000,the beatles
tonights the night gonna be alright,rock,1976,2000,bee gees
i just want to be your everything,classic,1976,5000,earth wind  fire
evergreen love theme from a star is born,pop,1976,3250,hall  oates
angel in your arms,jazz,1976,4000,orleans
i like dreamin,blues,1976,1000,queen
dont leave me this way,rock,1976,3000,jefferson starship
your love has lifted me higher and higher,classic,1976,2000,foghat
undercover angel,pop,1976,5000,ohio players
torn between two lovers,jazz,1976,3250,thin lizzy
im your boogie man,blues,1976,4000,david ruffin
dancing queen,rock,1976,1000,peter frampton
you make me feel like dancing,classic,1976,3000,candi staton
margaritaville,pop,1976,2000,neil sedaka
telephone line,jazz,1976,5000,bay city rollers
whatcha gonna do,blues,1976,3250,parliament
do you wanna make love,rock,1976,4000,larry groce
sir duke,classic,1976,1000,barry manilow
hotel california,pop,1976,3000,kiss
got to give it up,jazz,1976,2000,rick dees  his cast of idiots
gonna fly now,blues,1976,5000,steve miller band
southern nights,rock,1976,3250,the who
rich girl,classic,1976,4000,glen campbell
when i need you,pop,1977,1000,rod stewart
hot line,jazz,1977,3000,andy gibb
car wash,blues,1977,2000,the emotions
you dont have to be a star to be in my show,rock,1977,5000,barbra streisand
fly like an eagle,classic,1977,3250,hot
dont give up on us,pop,1977,4000,kenny nolan
feels like the first time,jazz,1977,1000,thelma houston
couldnt get it right,blues,1977,3000,rita coolidge
easy,rock,1977,2000,alan oday
right time of the night,classic,1977,5000,mary macgregor
ive got love on my mind,pop,1977,3250,kc and the sunshine band
blinded by the light,jazz,1977,4000,abba
looks like we made it,blues,1977,1000,leo sayer
so in to you,rock,1977,3000,jimmy buffett
dreams,classic,1977,2000,electric light orchestra
enjoy yourself,pop,1977,5000,pablo cruise
dazz,jazz,1977,3250,peter mccann
im in you,blues,1977,4000,stevie wonder
lucille,rock,1977,1000,eagles
the things we do for love,classic,1977,3000,marvin gaye
da doo ron ron,pop,1977,2000,bill conti deetta little and nelson pigford
handy man,jazz,1977,5000,glen campbell
just a song before i go,blues,1977,3250,hall  oates
you and me,rock,1977,4000,leo sayer
swayin to the music slow dancing,classic,1977,1000,the sylvers
lonely boy,pop,1977,3000,rose royce
i wish,jazz,1977,2000,marilyn mccoo  billy davis jr
dont stop,blues,1977,5000,steve miller band
barracuda,rock,1977,3250,david soul
strawberry letter 23,classic,1977,4000,stephen bishop
night moves,pop,1977,1000,foreigner
youre my world,jazz,1977,3000,climax blues band
heard it in a love song,blues,1977,2000,commodores
carry on wayward son,rock,1977,5000,jennifer warnes
new kid in town,classic,1977,3250,natalie cole
my heart belongs to me,pop,1977,4000,manfred manns earth band
after the lovin,jazz,1977,1000,barry manilow
jet airliner,blues,1977,3000,atlanta rhythm section
stand tall,rock,1977,2000,fleetwood mac
way down,classic,1977,5000,the jacksons
weekend in new england,pop,1977,3250,brick
it was almost like a song,jazz,1977,4000,peter frampton
smoke from a distant fire,blues,1977,1000,kenny rogers
cold as ice,rock,1977,3000,10cc
ariel,classic,1977,2000,shaun cassidy
lost without your love,pop,1977,5000,james taylor
star wars themecantina band,jazz,1977,3250,crosby stills  nash
float on,blues,1977,4000,alice cooper
jeans on,rock,1977,1000,johnny rivers
lido shuffle,classic,1977,3000,andrew gold
keep it comin love,pop,1977,2000,stevie wonder
you made me believe in magic,jazz,1977,5000,fleetwood mac
livin thing,blues,1977,3250,heart
give a little bit,rock,1977,4000,the brothers johnson
thats rock n roll,classic,1977,1000,bob seger  the silver bullet band
love so right,pop,1977,3000,helen reddy
the rubberband man,jazz,1977,2000,the marshall tucker band
i never cry,blues,1977,5000,kansas
nobody does it better,rock,1977,3250,eagles
high school dance,classic,1977,4000,barbra streisand
loves grown deep,pop,1977,1000,engelbert humperdinck
aint gonna bump no more with no big fat woman,jazz,1977,3000,steve miller band
i wanna get next to you,blues,1977,2000,burton cummings
muskrat love,rock,1977,5000,elvis presley
walk this way,classic,1977,3250,barry manilow
cherchez la femme,pop,1977,4000,ronnie milsap
year of the cat,jazz,1977,1000,sanfordtownsend band
boogie nights,blues,1977,3000,foreigner
go your own way,rock,1977,2000,dean friedman
sorry seems to be the hardest word,classic,1977,5000,bread
dont worry baby,pop,1977,3250,meco
knowing me knowing you,jazz,1977,4000,the floaters
how much love,blues,1977,1000,lord david dundas
star wars main title,rock,1977,3000,boz scaggs
devils gun,classic,1977,2000,kc and the sunshine band
shadow dancing,pop,1977,5000,bay city rollers
night fever,jazz,1977,3250,electric light orchestra
you light up my life,blues,1977,4000,supertramp
stayin alive,rock,1977,1000,shaun cassidy
kiss you all over,classic,1977,3000,bee gees
how deep is your love,pop,1977,2000,the spinners
baby come back,jazz,1977,5000,alice cooper
love is thicker than water,blues,1977,3250,carly simon
boogie oogie oogie,rock,1977,4000,the sylvers
three times a lady,classic,1977,1000,kenny nolan
grease,pop,1977,3000,joe tex
i go crazy,jazz,1977,2000,rose royce
youre the one that i want,blues,1977,5000,queen
emotion,rock,1977,3250,captain  tennille
lay down sally,classic,1977,4000,aerosmith
miss you,pop,1977,1000,dr buzzards original savannah band
just the way you are,jazz,1977,3000,al stewart
with a little luck,blues,1977,2000,heatwave
if i cant have you,rock,1977,5000,fleetwood mac
dance dance dance yowsah yowsah yowsah,classic,1977,3250,elton john
feels so good,pop,1977,4000,bj thomas
hot child in the city,jazz,1977,1000,abba
love is like oxygen,blues,1977,3000,leo sayer
its a heartache,rock,1977,2000,london symphony orchestra
we will rock youwe are the champions,classic,1977,5000,cj  company
baker street,pop,1978,3250,andy gibb
cant smile without you,jazz,1978,4000,bee gees
too much too little too late,blues,1978,1000,debby boone
two out of three aint bad,rock,1978,3000,bee gees
jack and jill,classic,1978,2000,exile
take a chance on me,pop,1978,5000,bee gees
sometimes when we touch,jazz,1978,3250,player
last dance,blues,1978,4000,andy gibb
hopelessly devoted to you,rock,1978,1000,a taste of honey
hot blooded,classic,1978,3000,commodores
youre in my heart the final acclaim,pop,1978,2000,frankie valli
the closer i get to you,jazz,1978,5000,paul davis
dust in the wind,blues,1978,3250,john travolta  olivia newtonjohn
magnet and steel,rock,1978,4000,samantha sang
short people,classic,1978,1000,eric clapton
use ta be my girl,pop,1978,3000,the rolling stones
our love,jazz,1978,2000,billy joel
love will find a way,blues,1978,5000,wings
an everlasting love,rock,1978,3250,yvonne elliman
love is in the air,classic,1978,4000,chic
goodbye girl,pop,1978,1000,chuck mangione
slip slidin away,jazz,1978,3000,nick gilder
the groove line,blues,1978,2000,sweet
thunder island,rock,1978,5000,bonnie tyler
imaginary lover,classic,1978,3250,queen
still the same,pop,1978,4000,gerry rafferty
my angel baby,jazz,1978,1000,barry manilow
disco inferno,blues,1978,3000,johnny mathis  deniece williams
on broadway,rock,1978,2000,peter brown
come sail away,classic,1978,5000,meat loaf
every time i turn around back in love again,pop,1978,3250,raydio
this time im in it for love,jazz,1978,4000,abba
you belong to me,blues,1978,1000,dan hill
here you come again,rock,1978,3000,donna summer
blue bayou,classic,1978,2000,olivia newtonjohn
peg,pop,1978,5000,foreigner
you needed me,jazz,1978,3250,rod stewart
shame,blues,1978,4000,roberta flack  donny hathaway
reminiscing,rock,1978,1000,kansas
count on me,classic,1978,3000,walter egan
baby hold on,pop,1978,2000,randy newman
hey deanie,jazz,1978,5000,the ojays
summer nights,blues,1978,3250,natalie cole
whats your name,rock,1978,4000,pablo cruise
dont it make my brown eyes blue,classic,1978,1000,andy gibb
because the night,pop,1978,3000,john paul young
every kinda people,jazz,1978,2000,david gates
copacabana,blues,1978,5000,paul simon
always and forever,rock,1978,3250,heatwave
you and i,classic,1978,4000,jay ferguson
serpentine fire,pop,1978,1000,atlanta rhythm section
sentimental lady,jazz,1978,3000,bob seger  the silver bullet band
falling,blues,1978,2000,toby beau
dont let me be misunderstood,rock,1978,5000,the trammps
bluer than blue,classic,1978,3250,george benson
running on empty,pop,1978,4000,styx
whenever i call you friend,jazz,1978,1000,ltd
fool if you think its over,blues,1978,3000,player
get off,rock,1978,2000,carly simon
sweet talkin woman,classic,1978,5000,dolly parton
lifes been good,pop,1978,3250,linda ronstadt
i love the nightlife,jazz,1978,4000,steely dan
you cant turn me off in the middle of turning me on,blues,1978,1000,anne murray
its so easy,rock,1978,3000,evelyn champagne king
native new yorker,classic,1978,2000,little river band
flash light,pop,1978,5000,jefferson starship
dont look back,jazz,1978,3250,eddie money
turn to stone,blues,1978,4000,shaun cassidy
i cant stand the rain,rock,1978,1000,john travolta  olivia newtonjohn
ebony eyes,classic,1978,3000,lynyrd skynyrd
the name of the game,pop,1978,2000,crystal gayle
were all alone,jazz,1978,5000,patti smith group
hollywood nights,blues,1978,3250,robert palmer
deacon blues,rock,1978,4000,barry manilow
my sharona,classic,1978,1000,heatwave
bad girls,pop,1978,3000,rick james
le freak,jazz,1978,2000,earth wind  fire
da ya think im sexy,blues,1978,5000,bob welch
reunited,rock,1978,3250,leblanc  carr
i will survive,classic,1978,4000,santa esmeralda
hot stuff,pop,1978,1000,michael johnson
ymca,jazz,1978,3000,jackson browne
ring my bell,blues,1978,2000,kenny loggins  stevie nicks
sad eyes,rock,1978,5000,chris rea
too much heaven,classic,1978,3250,foxy
when youre in love with a beautiful woman,pop,1978,4000,electric light orchestra
makin it,jazz,1978,1000,joe walsh
tragedy,blues,1978,3000,alicia bridges
a little more love,rock,1978,2000,high inergy
heart of glass,classic,1978,5000,linda ronstadt
what a fool believes,pop,1978,3250,odyssey
good times,jazz,1978,4000,parliament
you dont bring me flowers,blues,1978,1000,boston
knock on wood,rock,1978,3000,electric light orchestra
stumblin in,classic,1978,2000,eruption
lead me on,pop,1978,5000,bob welch
shake your body down to the ground,jazz,1978,3250,abba
dont cry out loud,blues,1978,4000,rita coolidge
the logical song,rock,1978,1000,bob seger  the silver bullet band
my life,classic,1978,3000,steely dan
just when i needed you most,pop,1979,2000,the knack
you cant change that,jazz,1979,5000,donna summer
shake your groove thing,blues,1979,3250,chic
ill never love this way again,rock,1979,4000,rod stewart
love you inside out,classic,1979,1000,peaches  herb
i want you to want me,pop,1979,3000,gloria gaynor
the main eventfight,jazz,1979,2000,donna summer
mama cant buy you love,blues,1979,5000,village people
i was made for dancin,rock,1979,3250,anita ward
after the love has gone,classic,1979,4000,robert john
heaven knows,pop,1979,1000,bee gees
the gambler,jazz,1979,3000,donna summer
lotta love,blues,1979,2000,dr hook
heaven must have sent you,rock,1979,5000,david naughton
hold the line,classic,1979,3250,the pointer sisters
hes the greatest dancer,pop,1979,4000,bee gees
sharing the night together,jazz,1979,1000,olivia newtonjohn
she believes in me,blues,1979,3000,blondie
in the navy,rock,1979,2000,the doobie brothers
music box dancer,classic,1979,5000,chic
the devil went down to georgia,pop,1979,3250,neil diamond  barbra streisand
gold,jazz,1979,4000,amii stewart
goodnight tonight,blues,1979,1000,suzi quatro  chris norman
we are family,rock,1979,3000,maxine nightingale
rock n roll fantasy,classic,1979,2000,the jacksons
every 1s a winner,pop,1979,5000,melissa manchester
take me home,jazz,1979,3250,supertramp
boogie wonderland,blues,1979,4000,billy joel
our love dont throw it all away,rock,1979,1000,randy vanwarmer
what you wont do for love,classic,1979,3000,raydio
new york groove,pop,1979,2000,peaches  herb
sultans of swing,jazz,1979,5000,dionne warwick
i want your love,blues,1979,3250,bee gees
chuck es in love,rock,1979,4000,cheap trick
aint no stoppin us now,classic,1979,1000,barbra streisand
lonesome loser,pop,1979,3000,elton john
renegade,jazz,1979,2000,leif garrett
love is the answer,blues,1979,5000,earth wind  fire
got to be real,rock,1979,3250,donna summer and brooklyn dreams
born to be alive,classic,1979,4000,kenny rogers
shine a little love,pop,1979,1000,nicolette larson
i just fall in love again,jazz,1979,3000,little river band
shake it,blues,1979,2000,bonnie pointer
i was made for lovin you,rock,1979,5000,toto
i just wanna stop,classic,1979,3250,sister sledge
disco nights rockfreak,pop,1979,4000,dr hook  the medicine show
september,jazz,1979,1000,kenny rogers
time passages,blues,1979,3000,village people
rise,rock,1979,2000,frank mills
dont bring me down,classic,1979,5000,the charlie daniels band
promises,pop,1979,3250,john stewart
get used to it,jazz,1979,4000,wings
how much i feel,blues,1979,1000,sister sledge
suspicions,rock,1979,3000,bad company
you take my breath away,classic,1979,2000,hot chocolate
how you gonna see me now,pop,1979,5000,cher
double vision,jazz,1979,3250,earth wind  fire  the emotions
everytime i think of you,blues,1979,4000,andy gibb
i got my mind made up you can get it girl,rock,1979,1000,bobby caldwell
dont stop til you get enough,classic,1979,3000,ace frehley
bad case of loving you doctor doctor,pop,1979,2000,dire straits
somewhere in the night,jazz,1979,5000,chic
weve got tonight,blues,1979,3250,rickie lee jones
dance the night away,rock,1979,4000,alicia bridges
dancin shoes,classic,1979,1000,mcfadden  whitehead
the boss,pop,1979,3000,little river band
sail on,jazz,1979,2000,styx
i do love you,blues,1979,5000,england dan  john ford coley
strange way,rock,1979,3250,cheryl lynn
another brick in the wall part ii,classic,1979,4000,patrick hernandez
rock with you,pop,1979,1000,electric light orchestra
do that to me one more time,jazz,1979,3000,anne murray
crazy little thing called love,blues,1979,2000,ian matthews
coming up,rock,1979,5000,kiss
funkytown,classic,1979,3250,gino vannelli
its still rock and roll to me,pop,1979,4000,gq
the rose,jazz,1979,1000,linda ronstadt
escape the pi~na colada song,blues,1979,3000,earth wind  fire
cars,rock,1979,2000,al stewart
cruisin,classic,1979,5000,herb alpert
working my way back to youforgive me girl,pop,1979,3250,electric light orchestra
lost in love,jazz,1979,4000,eric clapton
little jeannie,blues,1979,1000,roger voudouris
ride like the wind,rock,1979,3000,ambrosia
upside down,classic,1979,2000,eddie rabbitt
please dont go,pop,1979,5000,rex smith
babe,jazz,1979,3250,alice cooper
with you im born again,blues,1979,4000,foreigner
still,rock,1979,1000,the babys
sexy eyes,classic,1979,3000,instant funk
steal away,pop,1979,2000,michael jackson
biggest part of me,jazz,1979,5000,robert palmer
this is it,blues,1979,3250,barry manilow
cupidive loved you for a long time,rock,1979,4000,bob seger  the silver bullet band
lets get serious,classic,1979,1000,van halen
dont fall in love with a dreamer,pop,1979,3000,nigel olsson
sailing,jazz,1979,2000,diana ross
longer,blues,1979,5000,commodores
coward of the county,rock,1979,3250,gq
ladies night,classic,1979,4000,firefall
too hot,pop,1980,1000,blondie
take your time do it right,jazz,1980,3000,pink floyd
no more tears enough is enough,blues,1980,2000,olivia newtonjohn
more love,rock,1980,5000,michael jackson
pop muzik,classic,1980,3250,captain  tennille
brass in pocket,pop,1980,4000,queen
special lady,jazz,1980,1000,paul mccartney
send one your love,blues,1980,3000,lipps inc
the second time around,rock,1980,2000,billy joel
we dont talk anymore,classic,1980,5000,bette midler
heartache tonight,pop,1980,3250,rupert holmes
stomp,jazz,1980,4000,gary numan
tired of toein the line,blues,1980,1000,smokey robinson
better love next time,rock,1980,3000,the spinners
him,classic,1980,2000,air supply
against the wind,pop,1980,5000,elton john
on the radio,jazz,1980,3250,christopher cross
emotional rescue,blues,1980,4000,diana ross
all out of love,rock,1980,1000,kc and the sunshine band
cool change,classic,1980,3000,styx
youre only lonely,pop,1980,2000,billy preston and syreeta
desire,jazz,1980,5000,the manhattans
let my love open the door,blues,1980,3250,commodores
romeos tune,rock,1980,4000,teri desario  kc
i cant tell you why,classic,1980,1000,dr hook
dont let go,pop,1980,3000,robbie dupree
dont do me like that,jazz,1980,2000,ambrosia
shes out of my life,blues,1980,5000,kenny loggins
fire lake,rock,1980,3250,the spinners
how do i make you,classic,1980,4000,jermaine jackson
into the night,pop,1980,1000,kenny rogers  kim carnes
let me love you tonight,jazz,1980,3000,christopher cross
misunderstanding,blues,1980,2000,dan fogelberg
an american dream,rock,1980,5000,kenny rogers
one fine day,classic,1980,3250,kool  the gang
dim all the lights,pop,1980,4000,kool  the gang
you may be right,jazz,1980,1000,the sos band
shouldve never let you go,blues,1980,3000,barbra streisand  donna summer
pilot of the airwaves,rock,1980,2000,kim carnes
off the wall,classic,1980,5000,m
i pledge my love,pop,1980,3250,the pretenders
the long run,jazz,1980,4000,ray goodman  brown
stand by me,blues,1980,1000,stevie wonder
heartbreaker,rock,1980,3000,shalamar
dej`a vu,classic,1980,2000,cliff richard
drivin my life away,pop,1980,5000,eagles
take the long way home,jazz,1980,3250,the brothers johnson
sara,blues,1980,4000,rocky burnette
wait for me,rock,1980,1000,dr hook
jojo,classic,1980,3000,rupert holmes
september morn,pop,1980,2000,bob seger and the silver bullet band
give me the night,jazz,1980,5000,donna summer
broken hearted me,blues,1980,3250,the rolling stones
you decorated my life,rock,1980,4000,herb alpert
tusk,classic,1980,1000,air supply
i wanna be your lover,pop,1980,3000,little river band
in america,jazz,1980,2000,jd souther
breakdown dead ahead,blues,1980,5000,andy gibb
ships,rock,1980,3250,pete townshend
all night long,classic,1980,4000,steve forbert
refugee,pop,1980,1000,anne murray
bette davis eyes,jazz,1980,3000,eagles
endless love,blues,1980,2000,isaac hayes
just like starting over,rock,1980,5000,tom petty and the heartbreakers
jessies girl,classic,1980,3250,michael jackson
celebration,pop,1980,4000,irene cara
kiss on my list,jazz,1980,1000,bob seger
i love a rainy night,blues,1980,3000,linda ronstadt
9 to 5,rock,1980,2000,benny mardones
keep on loving you,classic,1980,5000,pure prairie league
theme from the greatest american hero believe it or not,pop,1980,3250,genesis
morning train nine to five,jazz,1980,4000,the dirt band
being with you,blues,1980,1000,carole king
queen of hearts,rock,1980,3000,donna summer
rapture,classic,1980,2000,billy joel
a woman needs love just like you do,pop,1980,5000,linda ronstadt
the tide is high,jazz,1980,3250,neil  dara sedaka
just the two of us,blues,1980,4000,charlie dore
slow hand,rock,1980,1000,michael jackson
sukiyaki,classic,1980,3000,peaches  herb
the winner takes it all,pop,1980,2000,eagles
stars on 45 medley,jazz,1980,5000,mickey gilley
love on the rocks,blues,1980,3250,pat benatar
every woman in the world,rock,1980,4000,dionne warwick
the one that you love,classic,1980,1000,eddie rabbitt
guilty,pop,1980,3000,supertramp
the best of times,jazz,1980,2000,fleetwood mac
elvira,blues,1980,5000,hall  oates
take it on the run,rock,1980,3250,boz scaggs
theres no gettin over me,classic,1980,4000,neil diamond
living inside myself,pop,1980,1000,george benson
woman in love,jazz,1980,3000,anne murray
urgent,blues,1980,2000,kenny rogers
passion,rock,1980,5000,fleetwood mac
lady you bring me up,classic,1980,3250,prince
crying,pop,1980,4000,charlie daniels band
hearts,jazz,1980,1000,boz scaggs
its my turn,blues,1980,3000,barry manilow
you make my dreams,rock,1980,2000,joe walsh
i dont need you,classic,1980,5000,tom petty and the heartbreakers
how bout us,pop,1981,3250,kim carnes
hit me with your best shot,jazz,1981,4000,diana ross  lionel richie
the breakup song they dont write em,blues,1981,1000,kenny rogers
time,rock,1981,3000,john lennon
hungry heart,classic,1981,2000,rick springfield
sweetheart,pop,1981,5000,kool  the gang
somebodys knockin,jazz,1981,3250,hall  oates
more than i can say,blues,1981,4000,eddie rabbitt
together,rock,1981,1000,dolly parton
too much time on my hands,classic,1981,3000,reo speedwagon
what are we doin in love,pop,1981,2000,joey scarbury
whos crying now,jazz,1981,5000,sheena easton
de do do do de da da da,blues,1981,3250,smokey robinson
this little girl,rock,1981,4000,juice newton
stop draggin my heart around,classic,1981,1000,blondie
giving it up for your love,pop,1981,3000,raydio
a little in love,jazz,1981,2000,blondie
america,blues,1981,5000,grover washington jr  bill withers
aint even done with the night,rock,1981,3250,the pointer sisters
arthurs theme best that you can do,classic,1981,4000,climax blues band
another one bites the dust,pop,1981,1000,john lennon
i cant stand it,jazz,1981,3000,a taste of honey
while you see a chance,blues,1981,2000,abba
master blaster jammin,rock,1981,5000,stars on 45
hello again,classic,1981,3250,juice newton
dont stand so close to me,pop,1981,4000,neil diamond
hey nineteen,jazz,1981,1000,air supply
i aint gonna stand for it,blues,1981,3000,air supply
all those years ago,rock,1981,2000,barbra streisand  barry gibb
step by step,classic,1981,5000,styx
the stroke,pop,1981,3250,the oak ridge boys
feels so right,jazz,1981,4000,reo speedwagon
sweet baby,blues,1981,1000,ronnie milsap
same old lang syne,rock,1981,3000,gino vannelli
cool love,classic,1981,2000,barbra streisand
hold on tight,pop,1981,5000,the manhattan transfer
its now or never,jazz,1981,3250,foreigner
treat me right,blues,1981,4000,rod stewart
winning,rock,1981,1000,commodores
what kind of fool,classic,1981,3000,don mclean
watching the wheels,pop,1981,2000,marty balin
smoky mountain rain,jazz,1981,5000,diana ross
i made it through the rain,blues,1981,3250,hall  oates
suddenly,rock,1981,4000,kenny rogers
for your eyes only,classic,1981,1000,champaign
the beach boys medley,pop,1981,3000,pat benatar
whip it,jazz,1981,2000,the greg kihn band
modern girl,blues,1981,5000,the alan parsons project
really wanna know you,rock,1981,3250,bruce springsteen
seven year ache,classic,1981,4000,franke and the knockouts